0,816,70,squid.jpeg,1920,1080
1,894,69,squid.jpeg,1920,1080
2,934,56,squid.jpeg,1920,1080
3,976,71,squid.jpeg,1920,1080
4,1048,73,squid.jpeg,1920,1080
5,1062,78,squid.jpeg,1920,1080
6,1113,119,squid.jpeg,1920,1080
7,1165,146,squid.jpeg,1920,1080
8,1213,221,squid.jpeg,1920,1080
9,1228,256,squid.jpeg,1920,1080
10,1243,426,squid.jpeg,1920,1080
11,1242,450,squid.jpeg,1920,1080
12,1232,477,squid.jpeg,1920,1080
13,1232,513,squid.jpeg,1920,1080
14,1158,750,squid.jpeg,1920,1080
15,1134,798,squid.jpeg,1920,1080
16,1195,630,squid.jpeg,1920,1080
17,1118,845,squid.jpeg,1920,1080
18,1126,819,squid.jpeg,1920,1080
19,1147,772,squid.jpeg,1920,1080
20,1178,687,squid.jpeg,1920,1080
21,1214,569,squid.jpeg,1920,1080
22,1233,296,squid.jpeg,1920,1080
23,1237,341,squid.jpeg,1920,1080
24,1241,385,squid.jpeg,1920,1080
25,1221,239,squid.jpeg,1920,1080
26,1192,187,squid.jpeg,1920,1080
27,1139,134,squid.jpeg,1920,1080
28,1089,102,squid.jpeg,1920,1080
29,1017,72,squid.jpeg,1920,1080
30,956,65,squid.jpeg,1920,1080
31,915,63,squid.jpeg,1920,1080
32,859,68,squid.jpeg,1920,1080
33,802,76,squid.jpeg,1920,1080
34,781,95,squid.jpeg,1920,1080
35,751,115,squid.jpeg,1920,1080
36,727,127,squid.jpeg,1920,1080
37,698,141,squid.jpeg,1920,1080
38,672,180,squid.jpeg,1920,1080
39,648,216,squid.jpeg,1920,1080
40,637,238,squid.jpeg,1920,1080
41,630,255,squid.jpeg,1920,1080
42,628,284,squid.jpeg,1920,1080
43,626,314,squid.jpeg,1920,1080
44,622,349,squid.jpeg,1920,1080
45,619,379,squid.jpeg,1920,1080
46,617,404,squid.jpeg,1920,1080
47,615,427,squid.jpeg,1920,1080
48,617,439,squid.jpeg,1920,1080
49,618,449,squid.jpeg,1920,1080
50,625,473,squid.jpeg,1920,1080
51,626,507,squid.jpeg,1920,1080
52,625,494,squid.jpeg,1920,1080
53,627,514,squid.jpeg,1920,1080
54,635,537,squid.jpeg,1920,1080
55,648,580,squid.jpeg,1920,1080
56,658,610,squid.jpeg,1920,1080
57,670,649,squid.jpeg,1920,1080
58,680,679,squid.jpeg,1920,1080
59,687,700,squid.jpeg,1920,1080
60,696,729,squid.jpeg,1920,1080
61,703,751,squid.jpeg,1920,1080
62,713,772,squid.jpeg,1920,1080
63,727,793,squid.jpeg,1920,1080
64,740,817,squid.jpeg,1920,1080
65,748,837,squid.jpeg,1920,1080
66,752,849,squid.jpeg,1920,1080
67,761,863,squid.jpeg,1920,1080
68,775,877,squid.jpeg,1920,1080
69,785,892,squid.jpeg,1920,1080
70,791,911,squid.jpeg,1920,1080
71,796,936,squid.jpeg,1920,1080
72,812,942,squid.jpeg,1920,1080
73,831,949,squid.jpeg,1920,1080
74,857,960,squid.jpeg,1920,1080
75,873,967,squid.jpeg,1920,1080
76,901,967,squid.jpeg,1920,1080
77,938,965,squid.jpeg,1920,1080
78,976,965,squid.jpeg,1920,1080
79,999,965,squid.jpeg,1920,1080
80,1023,953,squid.jpeg,1920,1080
81,1049,945,squid.jpeg,1920,1080
82,1077,932,squid.jpeg,1920,1080
83,1082,909,squid.jpeg,1920,1080
84,1086,888,squid.jpeg,1920,1080
85,1098,870,squid.jpeg,1920,1080
86,1110,857,squid.jpeg,1920,1080
87,676,421,squid.jpeg,1920,1080
88,705,405,squid.jpeg,1920,1080
89,733,382,squid.jpeg,1920,1080
90,777,386,squid.jpeg,1920,1080
91,837,393,squid.jpeg,1920,1080
92,858,418,squid.jpeg,1920,1080
93,882,439,squid.jpeg,1920,1080
94,697,443,squid.jpeg,1920,1080
95,710,457,squid.jpeg,1920,1080
96,754,461,squid.jpeg,1920,1080
97,808,461,squid.jpeg,1920,1080
98,844,454,squid.jpeg,1920,1080
99,991,438,squid.jpeg,1920,1080
100,1019,409,squid.jpeg,1920,1080
101,1033,393,squid.jpeg,1920,1080
102,1005,426,squid.jpeg,1920,1080
103,1076,388,squid.jpeg,1920,1080
104,1117,388,squid.jpeg,1920,1080
105,1140,384,squid.jpeg,1920,1080
106,1169,406,squid.jpeg,1920,1080
107,1193,424,squid.jpeg,1920,1080
108,1174,443,squid.jpeg,1920,1080
109,1159,460,squid.jpeg,1920,1080
110,1113,462,squid.jpeg,1920,1080
111,1064,461,squid.jpeg,1920,1080
112,1032,454,squid.jpeg,1920,1080
113,1009,446,squid.jpeg,1920,1080
114,858,619,squid.jpeg,1920,1080
115,906,659,squid.jpeg,1920,1080
116,968,658,squid.jpeg,1920,1080
117,1011,622,squid.jpeg,1920,1080
118,960,647,squid.jpeg,1920,1080
119,918,652,squid.jpeg,1920,1080
120,888,531,squid.jpeg,1920,1080
121,921,566,squid.jpeg,1920,1080
122,957,566,squid.jpeg,1920,1080
123,983,528,squid.jpeg,1920,1080
124,783,786,squid.jpeg,1920,1080
125,825,759,squid.jpeg,1920,1080
126,869,790,squid.jpeg,1920,1080
127,938,804,squid.jpeg,1920,1080
128,1002,793,squid.jpeg,1920,1080
129,1051,765,squid.jpeg,1920,1080
130,1088,781,squid.jpeg,1920,1080
131,893,747,squid.jpeg,1920,1080
132,935,759,squid.jpeg,1920,1080
133,978,746,squid.jpeg,1920,1080
134,674,537,squid.jpeg,1920,1080
135,1192,539,squid.jpeg,1920,1080
